epoch,train_loss,test_loss,acc1,acc5,unfrozen_neurons,total_params,unfrozen_params,epoch_time
1,1.8782395124435425,1.5699878931045532,41.93000030517578,89.8499984741211,8533,2202570,1126306,50.91761612892151
2,2.655397653579712,2.187429428100586,16.350000381469727,64.43000030517578,8533,2202570,1076274,49.47776412963867
3,2.3259599208831787,2.3130621910095215,10.0,50.0,8533,2202570,1126306,49.71759629249573
4,2.300412654876709,2.2365758419036865,15.809999465942383,59.849998474121094,8533,2202570,1126306,49.826685190200806
5,2.187072992324829,2.0275464057922363,19.28999900817871,80.22999572753906,8533,2202570,1126306,49.63422179222107
6,2.319380760192871,2.306190013885498,10.0,50.0,8533,2202570,1076274,49.60608267784119
7,2.3119263648986816,2.3125979900360107,10.0,50.0,8533,2202570,1076274,49.52420973777771
8,2.3092339038848877,2.314735174179077,10.0,50.0,8533,2202570,1126306,49.527461528778076
9,2.2995378971099854,2.3825464248657227,10.0,50.0,8533,2202570,1076274,49.464736223220825
