epoch,train_loss,test_loss,acc1,acc5,unfrozen_neurons,total_params,unfrozen_params,epoch_time
1,1.7839312553405762,1.4130772352218628,49.41999816894531,92.77999877929688,17066,2202570,2202570,51.890944957733154
2,1.2748141288757324,1.2885537147521973,56.12999725341797,95.47999572753906,17066,2202570,2202570,51.400264501571655
3,1.0696734189987183,1.0927608013153076,62.15999984741211,96.25,17066,2202570,2202570,51.992154121398926
4,0.930639386177063,0.9576542377471924,66.94999694824219,97.1199951171875,17066,2202570,2202570,51.88086462020874
5,0.8248175382614136,0.7662650942802429,73.87999725341797,98.1199951171875,17066,2202570,2202570,51.959173917770386
